timestamp,project_name,run_id,experiment_id,duration,emissions,emissions_rate,cpu_power,gpu_power,ram_power,cpu_energy,gpu_energy,ram_energy,energy_consumed,country_name,country_iso_code,region,cloud_provider,cloud_region,os,python_version,codecarbon_version,cpu_count,cpu_model,gpu_count,gpu_model,longitude,latitude,ram_total_size,tracking_mode,on_cloud,pue
2025-06-04T15:44:02,MNIST_CNN_0.1_baseline,881b640b-3e5a-481a-add5-e7e98021e426,5b0fa12a-3dd7-45bb-9766-cc326314d9f1,98.07644100510517,0.0020574980452662,2.09785145564074e-05,196.08393889221648,90.2414642993773,70.0,0.0051214759716219,0.0023869852429214,0.0019065212361786,0.009414982450722,United States,USA,district of columbia,,,Linux-4.18.0-553.8.1.el8_10.x86_64-x86_64-with-glibc2.28,3.11.3,3.0.2,128,Intel(R) Xeon(R) Platinum 8462Y+,1,1 x NVIDIA H100 PCIe,-77.0859,38.9379,503.3857955932617,machine,N,1.0
2025-06-04T15:45:51,MNIST_CNN_0.25_baseline,a63eea4f-a258-4594-8027-0a4098df8685,5b0fa12a-3dd7-45bb-9766-cc326314d9f1,104.94311386998744,0.002259739649046,2.153299597957095e-05,195.64580127717147,89.91048104789309,70.0,0.0056707716766137,0.0026297490482427,0.0020399066636015,0.010340427388458,United States,USA,district of columbia,,,Linux-4.18.0-553.8.1.el8_10.x86_64-x86_64-with-glibc2.28,3.11.3,3.0.2,128,Intel(R) Xeon(R) Platinum 8462Y+,1,1 x NVIDIA H100 PCIe,-77.0859,38.9379,503.3857955932617,machine,N,1.0
2025-06-04T15:47:39,MNIST_CNN_0.5_baseline,c00ac46c-b99a-4fcc-8478-3b884b5b5c6b,5b0fa12a-3dd7-45bb-9766-cc326314d9f1,103.47442087414674,0.0022434001083248,2.168072156744316e-05,197.80910521631847,89.8022120985999,70.0,0.005649813240958,0.0026046304170357,0.0020112150134305,0.0102656586714243,United States,USA,district of columbia,,,Linux-4.18.0-553.8.1.el8_10.x86_64-x86_64-with-glibc2.28,3.11.3,3.0.2,128,Intel(R) Xeon(R) Platinum 8462Y+,1,1 x NVIDIA H100 PCIe,-77.0859,38.9379,503.3857955932617,machine,N,1.0
2025-06-04T15:49:27,MNIST_CNN_0.75_baseline,1d684712-27d8-40f6-ab61-7f6f9a97244b,5b0fa12a-3dd7-45bb-9766-cc326314d9f1,103.16765333502552,0.0022492304140287,2.1801701805938898e-05,199.04513267187315,90.55353612753196,70.0,0.0056833699716923,0.0026035151383645,0.0020054526758438,0.0102923377859007,United States,USA,district of columbia,,,Linux-4.18.0-553.8.1.el8_10.x86_64-x86_64-with-glibc2.28,3.11.3,3.0.2,128,Intel(R) Xeon(R) Platinum 8462Y+,1,1 x NVIDIA H100 PCIe,-77.0859,38.9379,503.3857955932617,machine,N,1.0
2025-06-04T15:51:13,MNIST_CNN_1_baseline,f02ab015-62ae-4781-8e3b-75452663fe54,5b0fa12a-3dd7-45bb-9766-cc326314d9f1,102.94666235009208,0.002244092671377,2.1798595701388493e-05,198.90590309696583,90.88737148701038,70.0,0.0056667386839428,0.0026008218028756,0.0020012673098438,0.0102688277966624,United States,USA,district of columbia,,,Linux-4.18.0-553.8.1.el8_10.x86_64-x86_64-with-glibc2.28,3.11.3,3.0.2,128,Intel(R) Xeon(R) Platinum 8462Y+,1,1 x NVIDIA H100 PCIe,-77.0859,38.9379,503.3857955932617,machine,N,1.0
2025-06-04T15:53:01,MNIST_CNN_1.25_baseline,5fe1ec45-c57b-41ba-8f2d-e37c3a2c7e54,5b0fa12a-3dd7-45bb-9766-cc326314d9f1,103.24714101292192,0.0022483799543183,2.1776680034529155e-05,198.0432000615775,90.63861539411909,70.0,0.0056761450495235,0.0026051912508222,0.0020071098350783,0.0102884461354241,United States,USA,district of columbia,,,Linux-4.18.0-553.8.1.el8_10.x86_64-x86_64-with-glibc2.28,3.11.3,3.0.2,128,Intel(R) Xeon(R) Platinum 8462Y+,1,1 x NVIDIA H100 PCIe,-77.0859,38.9379,503.3857955932617,machine,N,1.0
2025-06-04T15:54:49,MNIST_CNN_0.1_euclidean,33b7a6b5-98c4-4d29-a468-81cc67f71a7d,5b0fa12a-3dd7-45bb-9766-cc326314d9f1,104.13470927905291,0.0022711408058748,2.180964273678202e-05,198.37593088696573,90.48970713654292,70.0,0.0057421108822961,0.002626130989789,0.0020243564973889,0.0103925983694741,United States,USA,district of columbia,,,Linux-4.18.0-553.8.1.el8_10.x86_64-x86_64-with-glibc2.28,3.11.3,3.0.2,128,Intel(R) Xeon(R) Platinum 8462Y+,1,1 x NVIDIA H100 PCIe,-77.0859,38.9379,503.3857955932617,machine,N,1.0
2025-06-04T15:56:38,MNIST_CNN_0.25_euclidean,8187ca5f-bcef-4353-9816-b79b67a3efe1,5b0fa12a-3dd7-45bb-9766-cc326314d9f1,104.7340531500522,0.0022821124219069,2.1789593291471416e-05,196.90825398871945,90.60258626287496,70.0,0.0057651767226932,0.0026416437799774,0.0020359832959831,0.0104428037986538,United States,USA,district of columbia,,,Linux-4.18.0-553.8.1.el8_10.x86_64-x86_64-with-glibc2.28,3.11.3,3.0.2,128,Intel(R) Xeon(R) Platinum 8462Y+,1,1 x NVIDIA H100 PCIe,-77.0859,38.9379,503.3857955932617,machine,N,1.0
2025-06-04T15:58:27,MNIST_CNN_0.5_euclidean,aeb08b0f-9ce2-4ea6-af64-e9ec82b2c15f,5b0fa12a-3dd7-45bb-9766-cc326314d9f1,104.22516882303172,0.0022753511315528,2.1831110059569424e-05,200.47223269192543,90.71542724338435,70.0,0.0057601450100567,0.0026267665458554,0.0020249530006969,0.0104118645566092,United States,USA,district of columbia,,,Linux-4.18.0-553.8.1.el8_10.x86_64-x86_64-with-glibc2.28,3.11.3,3.0.2,128,Intel(R) Xeon(R) Platinum 8462Y+,1,1 x NVIDIA H100 PCIe,-77.0859,38.9379,503.3857955932617,machine,N,1.0
2025-06-04T16:00:15,MNIST_CNN_0.75_euclidean,0d96d11f-de67-4fa0-9c40-888425469d2c,5b0fa12a-3dd7-45bb-9766-cc326314d9f1,104.4218279949855,0.0022823063341049,2.185660199526976e-05,200.445608502772,90.79022961853128,70.0,0.0057840588641878,0.0026307079378966,0.0020289243266665,0.010443691128751,United States,USA,district of columbia,,,Linux-4.18.0-553.8.1.el8_10.x86_64-x86_64-with-glibc2.28,3.11.3,3.0.2,128,Intel(R) Xeon(R) Platinum 8462Y+,1,1 x NVIDIA H100 PCIe,-77.0859,38.9379,503.3857955932617,machine,N,1.0
2025-06-04T16:02:04,MNIST_CNN_1_euclidean,b7fe57a8-525f-4dc7-b8d2-26127f163a05,5b0fa12a-3dd7-45bb-9766-cc326314d9f1,104.3629883499816,0.0022754853571649,2.180356650514914e-05,198.7314814214268,90.4741333045768,70.0,0.0057551546146755,0.0026285176583691,0.0020288064915757,0.0104124787646204,United States,USA,district of columbia,,,Linux-4.18.0-553.8.1.el8_10.x86_64-x86_64-with-glibc2.28,3.11.3,3.0.2,128,Intel(R) Xeon(R) Platinum 8462Y+,1,1 x NVIDIA H100 PCIe,-77.0859,38.9379,503.3857955932617,machine,N,1.0
2025-06-04T16:03:52,MNIST_CNN_1.25_euclidean,981031a7-0303-4348-9696-605a0c0afc99,5b0fa12a-3dd7-45bb-9766-cc326314d9f1,104.40846300800332,0.002274491480914,2.1784550939512595e-05,199.1869626792005,90.87387628226,70.0,0.0057469828014714,0.002631265438346,0.0020296826092015,0.010407930849019,United States,USA,district of columbia,,,Linux-4.18.0-553.8.1.el8_10.x86_64-x86_64-with-glibc2.28,3.11.3,3.0.2,128,Intel(R) Xeon(R) Platinum 8462Y+,1,1 x NVIDIA H100 PCIe,-77.0859,38.9379,503.3857955932617,machine,N,1.0
2025-06-04T16:05:40,MNIST_CNN_0.1_manhattan,51568154-5364-4279-b60d-90fc939df5e8,5b0fa12a-3dd7-45bb-9766-cc326314d9f1,103.84779690299185,0.0022591505577149,2.17544389490066e-05,198.8224614690924,90.19034558508412,70.0,0.0057111891192254,0.0026078270862619,0.0020187155378607,0.010337731743348,United States,USA,district of columbia,,,Linux-4.18.0-553.8.1.el8_10.x86_64-x86_64-with-glibc2.28,3.11.3,3.0.2,128,Intel(R) Xeon(R) Platinum 8462Y+,1,1 x NVIDIA H100 PCIe,-77.0859,38.9379,503.3857955932617,machine,N,1.0
2025-06-04T16:07:29,MNIST_CNN_0.25_manhattan,0e4f688c-9068-4819-a7da-2b8f32cc5b1d,5b0fa12a-3dd7-45bb-9766-cc326314d9f1,104.45758264884353,0.0022673291260296,2.17057399619493e-05,197.9141627895156,90.82153913872564,70.0,0.0057159945105697,0.002628597658429,0.0020305641917537,0.0103751563607525,United States,USA,district of columbia,,,Linux-4.18.0-553.8.1.el8_10.x86_64-x86_64-with-glibc2.28,3.11.3,3.0.2,128,Intel(R) Xeon(R) Platinum 8462Y+,1,1 x NVIDIA H100 PCIe,-77.0859,38.9379,503.3857955932617,machine,N,1.0
2025-06-04T16:09:17,MNIST_CNN_0.5_manhattan,e06f8168-0a46-459e-92b1-59c949b096ae,5b0fa12a-3dd7-45bb-9766-cc326314d9f1,104.12138650310226,0.0022660321619108,2.176336906388857e-05,199.32514569026728,90.4620395202488,70.0,0.005729278534808,0.0026158279259931,0.0020241150732106,0.0103692215340118,United States,USA,district of columbia,,,Linux-4.18.0-553.8.1.el8_10.x86_64-x86_64-with-glibc2.28,3.11.3,3.0.2,128,Intel(R) Xeon(R) Platinum 8462Y+,1,1 x NVIDIA H100 PCIe,-77.0859,38.9379,503.3857955932617,machine,N,1.0
2025-06-04T16:11:05,MNIST_CNN_0.75_manhattan,930cc480-5f94-43be-be2d-cc9ba35a114b,5b0fa12a-3dd7-45bb-9766-cc326314d9f1,103.73765058396384,0.002259745813289,2.1783275412238952e-05,199.43733800856955,90.25527884979913,70.0,0.0057199407656711,0.0026039320831472,0.0020165827468302,0.0103404555956486,United States,USA,district of columbia,,,Linux-4.18.0-553.8.1.el8_10.x86_64-x86_64-with-glibc2.28,3.11.3,3.0.2,128,Intel(R) Xeon(R) Platinum 8462Y+,1,1 x NVIDIA H100 PCIe,-77.0859,38.9379,503.3857955932617,machine,N,1.0
2025-06-04T16:12:52,MNIST_CNN_1_manhattan,8b1245dd-e543-44f3-b81e-1185507fa058,5b0fa12a-3dd7-45bb-9766-cc326314d9f1,103.0317276408896,0.0022441411432149,2.178106875036332e-05,198.7870890418688,90.25263084468654,70.0,0.0056805240935823,0.0025855915129184,0.0020029339942621,0.0102690496007629,United States,USA,district of columbia,,,Linux-4.18.0-553.8.1.el8_10.x86_64-x86_64-with-glibc2.28,3.11.3,3.0.2,128,Intel(R) Xeon(R) Platinum 8462Y+,1,1 x NVIDIA H100 PCIe,-77.0859,38.9379,503.3857955932617,machine,N,1.0
2025-06-04T16:14:40,MNIST_CNN_1.25_manhattan,8f83ef26-67b8-4c6c-a701-094a02779327,5b0fa12a-3dd7-45bb-9766-cc326314d9f1,103.38742259191348,0.0022530233245705,2.1792044603564288e-05,195.4244259794944,90.6614767639044,70.0,0.0057014022513959,0.0025984431898642,0.0020098484662031,0.0103096939074633,United States,USA,district of columbia,,,Linux-4.18.0-553.8.1.el8_10.x86_64-x86_64-with-glibc2.28,3.11.3,3.0.2,128,Intel(R) Xeon(R) Platinum 8462Y+,1,1 x NVIDIA H100 PCIe,-77.0859,38.9379,503.3857955932617,machine,N,1.0
2025-06-04T16:16:47,MNIST_CNN_0.1_cosine,ec075ad6-e744-47ea-949a-15a741a97c8f,5b0fa12a-3dd7-45bb-9766-cc326314d9f1,122.78134158696048,0.0026736035055294,2.177532409218627e-05,199.3322936420891,91.42960635772982,70.0,0.0067566695419979,0.0030908655282502,0.0023867074568167,0.0122342425270649,United States,USA,district of columbia,,,Linux-4.18.0-553.8.1.el8_10.x86_64-x86_64-with-glibc2.28,3.11.3,3.0.2,128,Intel(R) Xeon(R) Platinum 8462Y+,1,1 x NVIDIA H100 PCIe,-77.0859,38.9379,503.3857955932617,machine,N,1.0
2025-06-04T16:18:48,MNIST_CNN_0.25_cosine,bb8224dd-62d0-4c43-ba2c-8f4a68669642,5b0fa12a-3dd7-45bb-9766-cc326314d9f1,116.21353701991028,0.0025347491283151,2.1811134858418745e-05,195.8430947620711,90.9864334730216,70.0,0.0064111100508283,0.0029285873428683,0.0022591561823617,0.0115988535760585,United States,USA,district of columbia,,,Linux-4.18.0-553.8.1.el8_10.x86_64-x86_64-with-glibc2.28,3.11.3,3.0.2,128,Intel(R) Xeon(R) Platinum 8462Y+,1,1 x NVIDIA H100 PCIe,-77.0859,38.9379,503.3857955932617,machine,N,1.0
2025-06-04T16:20:45,MNIST_CNN_0.5_cosine,5c092073-db06-4143-a02d-ee903e50721d,5b0fa12a-3dd7-45bb-9766-cc326314d9f1,112.37878498993814,2.6648292537015465e-05,2.371292102811169e-07,196.4528318005204,91.04981682107916,70.0,0.0061884787760568,0.0028368122694502,0.0021845707827402,0.0112098618282473,Canada,CAN,quebec,,,Linux-4.18.0-553.8.1.el8_10.x86_64-x86_64-with-glibc2.28,3.11.3,3.0.2,128,Intel(R) Xeon(R) Platinum 8462Y+,1,1 x NVIDIA H100 PCIe,-71.2,46.8,503.3857955932617,machine,N,1.0
2025-06-04T16:22:43,MNIST_CNN_0.75_cosine,11edda5a-0daf-44a2-ad15-3e2250a14385,5b0fa12a-3dd7-45bb-9766-cc326314d9f1,113.75064158299938,0.0024747530721493,2.1755948254090505e-05,196.6224764685608,90.2055705480035,70.0,0.0062467209459838,0.0028663242375053,0.0022112701896228,0.011324315373112,United States,USA,district of columbia,,,Linux-4.18.0-553.8.1.el8_10.x86_64-x86_64-with-glibc2.28,3.11.3,3.0.2,128,Intel(R) Xeon(R) Platinum 8462Y+,1,1 x NVIDIA H100 PCIe,-77.0859,38.9379,503.3857955932617,machine,N,1.0
2025-06-04T16:24:40,MNIST_CNN_1_cosine,05a27fec-35a7-428f-a88a-9b28fe792e84,5b0fa12a-3dd7-45bb-9766-cc326314d9f1,112.8841534149833,0.0024613107751981,2.180386441088753e-05,197.7671371102089,91.14181768639968,70.0,0.0062196477143252,0.0028487656123488,0.0021943909358032,0.0112628042624773,United States,USA,district of columbia,,,Linux-4.18.0-553.8.1.el8_10.x86_64-x86_64-with-glibc2.28,3.11.3,3.0.2,128,Intel(R) Xeon(R) Platinum 8462Y+,1,1 x NVIDIA H100 PCIe,-77.0859,38.9379,503.3857955932617,machine,N,1.0
2025-06-04T16:26:37,MNIST_CNN_1.25_cosine,0bed662f-ea9b-4448-bfa7-cefc482c9034,5b0fa12a-3dd7-45bb-9766-cc326314d9f1,113.22947635105812,0.0024664751784724,2.178297787782199e-05,196.029674871288,90.52564404625166,70.0,0.0062218790199992,0.0028635086796917,0.0022010485493675,0.0112864362490584,United States,USA,district of columbia,,,Linux-4.18.0-553.8.1.el8_10.x86_64-x86_64-with-glibc2.28,3.11.3,3.0.2,128,Intel(R) Xeon(R) Platinum 8462Y+,1,1 x NVIDIA H100 PCIe,-77.0859,38.9379,503.3857955932617,machine,N,1.0
2025-06-04T16:28:27,MNIST_CNN_0.1_minkowski,fd2b6d78-b2eb-4f70-b839-2d0baa05bba8,5b0fa12a-3dd7-45bb-9766-cc326314d9f1,105.05296728597024,0.0022868999393901,2.176901803415824e-05,208.3192262548216,213.22183490805384,70.0,0.0057667653122974,0.0026557974024115,0.0020421484647027,0.0104647111794117,United States,USA,district of columbia,,,Linux-4.18.0-553.8.1.el8_10.x86_64-x86_64-with-glibc2.28,3.11.3,3.0.2,128,Intel(R) Xeon(R) Platinum 8462Y+,1,1 x NVIDIA H100 PCIe,-77.0859,38.9379,503.3857955932617,machine,N,1.0
2025-06-04T16:30:17,MNIST_CNN_0.25_minkowski,848b6c44-a872-434a-9a21-cb613d4c2747,5b0fa12a-3dd7-45bb-9766-cc326314d9f1,105.4662447751034,0.0023018412915384,2.1825384002691e-05,200.0954531115664,78.88080449595671,70.0,0.00582127281507,0.0026616579626583,0.002050151095201,0.0105330818729295,United States,USA,district of columbia,,,Linux-4.18.0-553.8.1.el8_10.x86_64-x86_64-with-glibc2.28,3.11.3,3.0.2,128,Intel(R) Xeon(R) Platinum 8462Y+,1,1 x NVIDIA H100 PCIe,-77.0859,38.9379,503.3857955932617,machine,N,1.0
2025-06-04T16:32:06,MNIST_CNN_0.5_minkowski,ced19674-6aac-4c9a-877a-e39a7583907c,5b0fa12a-3dd7-45bb-9766-cc326314d9f1,105.10209991107696,0.0022902353243316,2.179057627078197e-05,203.9391706446637,97.73240490668572,70.0,0.0057922397990659,0.0026447096157653,0.0020430242775939,0.0104799736924252,United States,USA,district of columbia,,,Linux-4.18.0-553.8.1.el8_10.x86_64-x86_64-with-glibc2.28,3.11.3,3.0.2,128,Intel(R) Xeon(R) Platinum 8462Y+,1,1 x NVIDIA H100 PCIe,-77.0859,38.9379,503.3857955932617,machine,N,1.0
2025-06-04T16:33:56,MNIST_CNN_0.75_minkowski,49ba2ccc-690e-431c-8208-fcba4b7fa3dd,5b0fa12a-3dd7-45bb-9766-cc326314d9f1,105.33874920685776,0.0022931699744124,2.176948171189332e-05,200.05566565269496,79.84061722960996,70.0,0.0057954548538601,0.0026502501757512,0.0020476974381521,0.0104934024677636,United States,USA,district of columbia,,,Linux-4.18.0-553.8.1.el8_10.x86_64-x86_64-with-glibc2.28,3.11.3,3.0.2,128,Intel(R) Xeon(R) Platinum 8462Y+,1,1 x NVIDIA H100 PCIe,-77.0859,38.9379,503.3857955932617,machine,N,1.0
2025-06-04T16:35:45,MNIST_CNN_1_minkowski,16bf4bf7-2994-462f-b5f6-b8ef3f62b5c5,5b0fa12a-3dd7-45bb-9766-cc326314d9f1,104.87874882807957,0.0022834363887826,2.1772155124826712e-05,196.67964348143545,90.7302899835545,70.0,0.0057715066335905,0.0026385379441613,0.0020388176105703,0.0104488621883221,United States,USA,district of columbia,,,Linux-4.18.0-553.8.1.el8_10.x86_64-x86_64-with-glibc2.28,3.11.3,3.0.2,128,Intel(R) Xeon(R) Platinum 8462Y+,1,1 x NVIDIA H100 PCIe,-77.0859,38.9379,503.3857955932617,machine,N,1.0
2025-06-04T16:37:35,MNIST_CNN_1.25_minkowski,4f964f1d-8cec-4857-b465-7b0f06975268,5b0fa12a-3dd7-45bb-9766-cc326314d9f1,106.41997744189575,0.0023067377217,2.1675796003240845e-05,198.4641056070976,89.44276296606832,70.0,0.0058151509826726,0.0026715985261667,0.002068738122457,0.0105554876312964,United States,USA,district of columbia,,,Linux-4.18.0-553.8.1.el8_10.x86_64-x86_64-with-glibc2.28,3.11.3,3.0.2,128,Intel(R) Xeon(R) Platinum 8462Y+,1,1 x NVIDIA H100 PCIe,-77.0859,38.9379,503.3857955932617,machine,N,1.0
2025-06-04T16:39:24,MNIST_CNN_0.1_chebyshev,bef3bf37-2dc3-4cda-b062-c73f00ef5010,5b0fa12a-3dd7-45bb-9766-cc326314d9f1,103.9182867628988,2.457636845955763e-05,2.364970519157169e-07,196.6849239561796,90.65342385591028,70.0,0.0056994279198164,0.0026188179283863,0.0020200410904091,0.0103382869386119,Canada,CAN,quebec,,,Linux-4.18.0-553.8.1.el8_10.x86_64-x86_64-with-glibc2.28,3.11.3,3.0.2,128,Intel(R) Xeon(R) Platinum 8462Y+,1,1 x NVIDIA H100 PCIe,-71.2,46.8,503.3857955932617,machine,N,1.0
2025-06-04T16:41:12,MNIST_CNN_0.25_chebyshev,c220324e-1a93-402c-8e5c-b47652f012ee,5b0fa12a-3dd7-45bb-9766-cc326314d9f1,103.76546515687367,0.0022630408714717,2.1809191218392693e-05,199.3085262860261,91.25266495250324,70.0,0.0057168345565195,0.0026217979307681,0.0020169010886463,0.0103555335759339,United States,USA,district of columbia,,,Linux-4.18.0-553.8.1.el8_10.x86_64-x86_64-with-glibc2.28,3.11.3,3.0.2,128,Intel(R) Xeon(R) Platinum 8462Y+,1,1 x NVIDIA H100 PCIe,-77.0859,38.9379,503.3857955932617,machine,N,1.0
2025-06-04T16:43:00,MNIST_CNN_0.5_chebyshev,67975c1b-1939-43a6-81e1-41ab50ed9bf4,5b0fa12a-3dd7-45bb-9766-cc326314d9f1,103.6739852570463,0.0022592338236149,2.179171388090752e-05,197.3219102833621,90.39774060950803,70.0,0.0057067470562273,0.0026160657039611,0.0020153000027135,0.0103381127629019,United States,USA,district of columbia,,,Linux-4.18.0-553.8.1.el8_10.x86_64-x86_64-with-glibc2.28,3.11.3,3.0.2,128,Intel(R) Xeon(R) Platinum 8462Y+,1,1 x NVIDIA H100 PCIe,-77.0859,38.9379,503.3857955932617,machine,N,1.0
2025-06-04T16:44:49,MNIST_CNN_0.75_chebyshev,42fa88b0-4f15-479c-bebe-af768e5ef1ad,5b0fa12a-3dd7-45bb-9766-cc326314d9f1,104.13863046700136,0.0022649797752491,2.174965970929401e-05,197.0231523494439,90.63229870870153,70.0,0.0057162444663252,0.0026237148767478,0.0020244465353549,0.010364405878428,United States,USA,district of columbia,,,Linux-4.18.0-553.8.1.el8_10.x86_64-x86_64-with-glibc2.28,3.11.3,3.0.2,128,Intel(R) Xeon(R) Platinum 8462Y+,1,1 x NVIDIA H100 PCIe,-77.0859,38.9379,503.3857955932617,machine,N,1.0
2025-06-04T16:46:37,MNIST_CNN_1_chebyshev,50d2ab40-5eb7-4f39-a1fb-bc8228713fce,5b0fa12a-3dd7-45bb-9766-cc326314d9f1,103.77507504005916,0.0022627609857078,2.18044745796073e-05,197.14070241368304,90.8080208963148,70.0,0.005725327244147,0.0026115890337123,0.0020173365583132,0.0103542528361726,United States,USA,district of columbia,,,Linux-4.18.0-553.8.1.el8_10.x86_64-x86_64-with-glibc2.28,3.11.3,3.0.2,128,Intel(R) Xeon(R) Platinum 8462Y+,1,1 x NVIDIA H100 PCIe,-77.0859,38.9379,503.3857955932617,machine,N,1.0
2025-06-04T16:48:25,MNIST_CNN_1.25_chebyshev,47ccdd57-d64a-48f5-a7db-73e0f93b9627,5b0fa12a-3dd7-45bb-9766-cc326314d9f1,104.25676256790756,0.0022690430065088,2.176398873915663e-05,197.74378380896104,90.14482031102764,70.0,0.0057392289941572,0.0026172626493625,0.0020265073271791,0.010382998970699,United States,USA,district of columbia,,,Linux-4.18.0-553.8.1.el8_10.x86_64-x86_64-with-glibc2.28,3.11.3,3.0.2,128,Intel(R) Xeon(R) Platinum 8462Y+,1,1 x NVIDIA H100 PCIe,-77.0859,38.9379,503.3857955932617,machine,N,1.0
2025-06-04T16:50:15,MNIST_CNN_0.1_canberra,57ea9a9b-3c39-4b59-9de5-d75897549532,5b0fa12a-3dd7-45bb-9766-cc326314d9f1,104.98793539893812,0.0022911280675638,2.1822774767957346e-05,197.5918819132211,91.07666204207814,70.0,0.0057948751564519,0.0026482868408521,0.0020408968323505,0.0104840588296546,United States,USA,district of columbia,,,Linux-4.18.0-553.8.1.el8_10.x86_64-x86_64-with-glibc2.28,3.11.3,3.0.2,128,Intel(R) Xeon(R) Platinum 8462Y+,1,1 x NVIDIA H100 PCIe,-77.0859,38.9379,503.3857955932617,machine,N,1.0
2025-06-04T16:52:05,MNIST_CNN_0.25_canberra,bf6f4b7a-11e5-4dc0-bbad-1b135f212e9a,5b0fa12a-3dd7-45bb-9766-cc326314d9f1,106.52693906915374,0.0023180206416098,2.175994787670607e-05,197.58648630180733,88.89448994849322,70.0,0.0058517278463785,0.0026848788145699,0.0020705109066135,0.010607117567562,United States,USA,district of columbia,,,Linux-4.18.0-553.8.1.el8_10.x86_64-x86_64-with-glibc2.28,3.11.3,3.0.2,128,Intel(R) Xeon(R) Platinum 8462Y+,1,1 x NVIDIA H100 PCIe,-77.0859,38.9379,503.3857955932617,machine,N,1.0
2025-06-04T16:53:56,MNIST_CNN_0.5_canberra,8ab37a4a-88b6-42af-a9f8-0bb8891a2d46,5b0fa12a-3dd7-45bb-9766-cc326314d9f1,106.03089846018702,0.0023075917231913,2.176338932049893e-05,198.71697236701883,87.75634090875415,70.0,0.0058256146452102,0.0026726288047669,0.0020611520387639,0.0105593954887411,United States,USA,district of columbia,,,Linux-4.18.0-553.8.1.el8_10.x86_64-x86_64-with-glibc2.28,3.11.3,3.0.2,128,Intel(R) Xeon(R) Platinum 8462Y+,1,1 x NVIDIA H100 PCIe,-77.0859,38.9379,503.3857955932617,machine,N,1.0
2025-06-04T16:55:46,MNIST_CNN_0.75_canberra,a32c0741-b077-4bfc-a75a-7477d4b341ae,5b0fa12a-3dd7-45bb-9766-cc326314d9f1,105.65360003896058,0.0022934482066995,2.170724145560433e-05,196.7382607340664,96.10435844682786,70.0,0.0057781534694635,0.0026627143523931,0.0020538078194619,0.0104946756413186,United States,USA,district of columbia,,,Linux-4.18.0-553.8.1.el8_10.x86_64-x86_64-with-glibc2.28,3.11.3,3.0.2,128,Intel(R) Xeon(R) Platinum 8462Y+,1,1 x NVIDIA H100 PCIe,-77.0859,38.9379,503.3857955932617,machine,N,1.0
2025-06-04T16:57:36,MNIST_CNN_1_canberra,0f16cad1-563d-4041-b1bd-1ab5c7e399c6,5b0fa12a-3dd7-45bb-9766-cc326314d9f1,105.67425229400396,0.0022967687627429,2.173442170523155e-05,198.97011990247063,80.77179741038714,70.0,0.0057873838162922,0.0026683093568671,0.0020541771250615,0.0105098702982208,United States,USA,district of columbia,,,Linux-4.18.0-553.8.1.el8_10.x86_64-x86_64-with-glibc2.28,3.11.3,3.0.2,128,Intel(R) Xeon(R) Platinum 8462Y+,1,1 x NVIDIA H100 PCIe,-77.0859,38.9379,503.3857955932617,machine,N,1.0
2025-06-04T16:59:26,MNIST_CNN_1.25_canberra,9e7b7a7d-4ee7-41da-a3ac-f5afca45d345,5b0fa12a-3dd7-45bb-9766-cc326314d9f1,105.72934567998163,0.0023010849638407,2.1763919459083897e-05,197.56308870980587,86.12014773927663,70.0,0.0058029619615325,0.0026714126926812,0.0020552463104456,0.0105296209646594,United States,USA,district of columbia,,,Linux-4.18.0-553.8.1.el8_10.x86_64-x86_64-with-glibc2.28,3.11.3,3.0.2,128,Intel(R) Xeon(R) Platinum 8462Y+,1,1 x NVIDIA H100 PCIe,-77.0859,38.9379,503.3857955932617,machine,N,1.0
2025-06-04T17:01:17,MNIST_CNN_0.1_bray-curtis,d9133336-cf0f-47b4-be46-d0b52294331d,5b0fa12a-3dd7-45bb-9766-cc326314d9f1,107.03070441214368,0.002334240820249,2.1809076498839243e-05,193.88458483255044,87.70691263737685,70.0,0.0059027194932829,0.0026980268806404,0.0020805937172456,0.010681340091169,United States,USA,district of columbia,,,Linux-4.18.0-553.8.1.el8_10.x86_64-x86_64-with-glibc2.28,3.11.3,3.0.2,128,Intel(R) Xeon(R) Platinum 8462Y+,1,1 x NVIDIA H100 PCIe,-77.0859,38.9379,503.3857955932617,machine,N,1.0
2025-06-04T17:03:09,MNIST_CNN_0.25_bray-curtis,6c345b48-9a82-4bd6-be0b-085eb967413b,5b0fa12a-3dd7-45bb-9766-cc326314d9f1,107.38104790193027,0.0023432727563205,2.1822032864315624e-05,194.76751247852243,89.91470709593523,70.0,0.0059241796707288,0.0027110818910855,0.0020874081042743,0.0107226696660888,United States,USA,district of columbia,,,Linux-4.18.0-553.8.1.el8_10.x86_64-x86_64-with-glibc2.28,3.11.3,3.0.2,128,Intel(R) Xeon(R) Platinum 8462Y+,1,1 x NVIDIA H100 PCIe,-77.0859,38.9379,503.3857955932617,machine,N,1.0
2025-06-04T17:04:59,MNIST_CNN_0.5_bray-curtis,cbf2a1cb-fa1e-4b3d-b783-b1b31cb96880,5b0fa12a-3dd7-45bb-9766-cc326314d9f1,107.55095289391464,0.0023488259269013,2.1839192156838925e-05,197.55511048901133,92.82941225760683,70.0,0.005933279725231,0.0027242274571577,0.0020905734451752,0.0107480806275641,United States,USA,district of columbia,,,Linux-4.18.0-553.8.1.el8_10.x86_64-x86_64-with-glibc2.28,3.11.3,3.0.2,128,Intel(R) Xeon(R) Platinum 8462Y+,1,1 x NVIDIA H100 PCIe,-77.0859,38.9379,503.3857955932617,machine,N,1.0
2025-06-04T17:06:50,MNIST_CNN_0.75_bray-curtis,c2afae25-49ab-415b-b9ed-60c89beb617e,5b0fa12a-3dd7-45bb-9766-cc326314d9f1,107.63493890920654,0.0023504465741043,2.183720823297889e-05,199.37864945398763,89.83170281647593,70.0,0.005942006482768,0.0027211949547307,0.0020922951703671,0.0107554966078659,United States,USA,district of columbia,,,Linux-4.18.0-553.8.1.el8_10.x86_64-x86_64-with-glibc2.28,3.11.3,3.0.2,128,Intel(R) Xeon(R) Platinum 8462Y+,1,1 x NVIDIA H100 PCIe,-77.0859,38.9379,503.3857955932617,machine,N,1.0
2025-06-04T17:08:43,MNIST_CNN_1_bray-curtis,ecd2867d-0960-4911-b548-092505c32ff0,5b0fa12a-3dd7-45bb-9766-cc326314d9f1,108.07265586708672,0.0023572943548461,2.181212570315e-05,199.4266981568744,91.98390137077926,70.0,0.0059546224781386,0.002731662740885,0.0021005464054948,0.0107868316245185,United States,USA,district of columbia,,,Linux-4.18.0-553.8.1.el8_10.x86_64-x86_64-with-glibc2.28,3.11.3,3.0.2,128,Intel(R) Xeon(R) Platinum 8462Y+,1,1 x NVIDIA H100 PCIe,-77.0859,38.9379,503.3857955932617,machine,N,1.0
2025-06-04T17:10:34,MNIST_CNN_1.25_bray-curtis,336d0aa2-0fd8-4f06-92cb-0ba8be14440e,5b0fa12a-3dd7-45bb-9766-cc326314d9f1,107.21590285608544,0.0023392697216544,2.1818309218497257e-05,199.5800489133327,90.53376244825338,70.0,0.0059114978591944,0.0027086977225145,0.0020841564479581,0.0107043520296672,United States,USA,district of columbia,,,Linux-4.18.0-553.8.1.el8_10.x86_64-x86_64-with-glibc2.28,3.11.3,3.0.2,128,Intel(R) Xeon(R) Platinum 8462Y+,1,1 x NVIDIA H100 PCIe,-77.0859,38.9379,503.3857955932617,machine,N,1.0
2025-06-04T17:12:23,MNIST_CNN_0.1_hamming,df5a4c7a-7d4c-486c-ad62-001606f9989f,5b0fa12a-3dd7-45bb-9766-cc326314d9f1,104.13955875299872,0.0022697819278318,2.1795578500725405e-05,199.85433862601204,90.9159632802445,70.0,0.0057326309188788,0.0026294498813328,0.002024299428275,0.0103863802284867,United States,USA,district of columbia,,,Linux-4.18.0-553.8.1.el8_10.x86_64-x86_64-with-glibc2.28,3.11.3,3.0.2,128,Intel(R) Xeon(R) Platinum 8462Y+,1,1 x NVIDIA H100 PCIe,-77.0859,38.9379,503.3857955932617,machine,N,1.0
2025-06-04T17:14:11,MNIST_CNN_0.25_hamming,9f9a4e58-66c0-4d55-9af9-2ddb20e92677,5b0fa12a-3dd7-45bb-9766-cc326314d9f1,104.20281774597242,0.002271124395322,2.1795230152591925e-05,199.43376241088643,90.90981874953192,70.0,0.0057364540186039,0.0026303862709724,0.002025682986234,0.0103925232758104,United States,USA,district of columbia,,,Linux-4.18.0-553.8.1.el8_10.x86_64-x86_64-with-glibc2.28,3.11.3,3.0.2,128,Intel(R) Xeon(R) Platinum 8462Y+,1,1 x NVIDIA H100 PCIe,-77.0859,38.9379,503.3857955932617,machine,N,1.0
2025-06-04T17:15:59,MNIST_CNN_0.5_hamming,78880f9e-86ad-4450-8797-54c76ae91855,5b0fa12a-3dd7-45bb-9766-cc326314d9f1,103.73244443000294,0.002259868484422,2.1785551250042848e-05,199.113679857682,90.653724364973,70.0,0.0057064501890453,0.002618012649961,0.002016554092079,0.0103410169310855,United States,USA,district of columbia,,,Linux-4.18.0-553.8.1.el8_10.x86_64-x86_64-with-glibc2.28,3.11.3,3.0.2,128,Intel(R) Xeon(R) Platinum 8462Y+,1,1 x NVIDIA H100 PCIe,-77.0859,38.9379,503.3857955932617,machine,N,1.0
2025-06-04T17:17:47,MNIST_CNN_0.75_hamming,a85020e4-f5d6-4927-a60e-d0516217a667,5b0fa12a-3dd7-45bb-9766-cc326314d9f1,103.1563416030258,0.0022480375078034,2.179252843663755e-05,199.4606035084646,90.47162270722536,70.0,0.0056798613891632,0.0026016981924676,0.0020053195399458,0.0102868791215768,United States,USA,district of columbia,,,Linux-4.18.0-553.8.1.el8_10.x86_64-x86_64-with-glibc2.28,3.11.3,3.0.2,128,Intel(R) Xeon(R) Platinum 8462Y+,1,1 x NVIDIA H100 PCIe,-77.0859,38.9379,503.3857955932617,machine,N,1.0
2025-06-04T17:19:35,MNIST_CNN_1_hamming,dfd4bceb-121d-46b4-b48d-c5f54cf3f765,5b0fa12a-3dd7-45bb-9766-cc326314d9f1,103.55810497095808,2.452082058460709e-05,2.3678321065728002e-07,198.9381531060004,90.4523755914095,70.0,0.0056912864380255,0.0026105601440029,0.0020130736060802,0.0103149201881087,Canada,CAN,quebec,,,Linux-4.18.0-553.8.1.el8_10.x86_64-x86_64-with-glibc2.28,3.11.3,3.0.2,128,Intel(R) Xeon(R) Platinum 8462Y+,1,1 x NVIDIA H100 PCIe,-71.2,46.8,503.3857955932617,machine,N,1.0
2025-06-04T17:21:23,MNIST_CNN_1.25_hamming,58da80a1-509f-4523-acbd-bbd0cea27769,5b0fa12a-3dd7-45bb-9766-cc326314d9f1,103.31606863997877,0.0022504419946321,2.1782110220184483e-05,196.75861116550664,90.80838568686322,70.0,0.0056848919651321,0.0026045431947423,0.0020084467431375,0.010297881903012,United States,USA,district of columbia,,,Linux-4.18.0-553.8.1.el8_10.x86_64-x86_64-with-glibc2.28,3.11.3,3.0.2,128,Intel(R) Xeon(R) Platinum 8462Y+,1,1 x NVIDIA H100 PCIe,-77.0859,38.9379,503.3857955932617,machine,N,1.0
2025-06-04T17:23:14,MNIST_CNN_0.1_mahalanobis,1851c42b-612f-46d3-946a-bcc3352b9a91,5b0fa12a-3dd7-45bb-9766-cc326314d9f1,106.6105062479619,0.0023221584922004,2.1781704017045555e-05,199.4802104452528,90.32682175403592,70.0,0.0058680488899909,0.0026857004818907,0.0020723027413458,0.0106260521132275,United States,USA,district of columbia,,,Linux-4.18.0-553.8.1.el8_10.x86_64-x86_64-with-glibc2.28,3.11.3,3.0.2,128,Intel(R) Xeon(R) Platinum 8462Y+,1,1 x NVIDIA H100 PCIe,-77.0859,38.9379,503.3857955932617,machine,N,1.0
2025-06-04T17:25:05,MNIST_CNN_0.25_mahalanobis,736a54de-6521-47a2-92d9-9dd8cadbf4d6,5b0fa12a-3dd7-45bb-9766-cc326314d9f1,106.87591299205089,0.0023286899760715,2.1788725924098216e-05,197.95602277244623,91.64966986042069,70.0,0.005889777723485,0.0026885740952984,0.002077587956386,0.0106559397751695,United States,USA,district of columbia,,,Linux-4.18.0-553.8.1.el8_10.x86_64-x86_64-with-glibc2.28,3.11.3,3.0.2,128,Intel(R) Xeon(R) Platinum 8462Y+,1,1 x NVIDIA H100 PCIe,-77.0859,38.9379,503.3857955932617,machine,N,1.0
2025-06-04T17:26:57,MNIST_CNN_0.5_mahalanobis,61480bfb-06a5-4804-88d3-58014bdec646,5b0fa12a-3dd7-45bb-9766-cc326314d9f1,107.53642800892705,0.0023430236722121,2.1788185785914565e-05,197.5742168851654,88.97553217918357,70.0,0.0059252162154469,0.0027058679980243,0.0020904456593063,0.0107215298727776,United States,USA,district of columbia,,,Linux-4.18.0-553.8.1.el8_10.x86_64-x86_64-with-glibc2.28,3.11.3,3.0.2,128,Intel(R) Xeon(R) Platinum 8462Y+,1,1 x NVIDIA H100 PCIe,-77.0859,38.9379,503.3857955932617,machine,N,1.0
2025-06-04T17:28:48,MNIST_CNN_0.75_mahalanobis,2989b460-e923-4d26-9dc0-5127ea0643e2,5b0fa12a-3dd7-45bb-9766-cc326314d9f1,107.3675097702071,0.0023407844002435,2.1801608375321563e-05,198.57056893336977,91.89099493259408,70.0,0.0059241732451681,0.0026999754933108,0.0020871343657367,0.0107112831042157,United States,USA,district of columbia,,,Linux-4.18.0-553.8.1.el8_10.x86_64-x86_64-with-glibc2.28,3.11.3,3.0.2,128,Intel(R) Xeon(R) Platinum 8462Y+,1,1 x NVIDIA H100 PCIe,-77.0859,38.9379,503.3857955932617,machine,N,1.0
2025-06-04T17:30:41,MNIST_CNN_1_mahalanobis,ed9f1aa7-3d98-4cc0-a0ed-2c418a5c7616,5b0fa12a-3dd7-45bb-9766-cc326314d9f1,108.72586530516855,0.0023932260360089,2.201156117996162e-05,221.77512279441908,90.47689155177332,70.0,0.0061118500183649,0.0027285891273116,0.0021108136059244,0.010951252751601,United States,USA,district of columbia,,,Linux-4.18.0-553.8.1.el8_10.x86_64-x86_64-with-glibc2.28,3.11.3,3.0.2,128,Intel(R) Xeon(R) Platinum 8462Y+,1,1 x NVIDIA H100 PCIe,-77.0859,38.9379,503.3857955932617,machine,N,1.0
2025-06-04T17:36:05,MNIST_CNN_1.25_mahalanobis,3e7eb806-5624-4d89-96bb-56f58cb64ec4,5b0fa12a-3dd7-45bb-9766-cc326314d9f1,319.659415199887,0.010136009963862009,3.170877966326703e-05,204.0228706290807,253.04689580496293,70.0,0.018014539047730822,0.02215344466718605,0.0062137643259452,0.04638174804086208,United States,USA,district of columbia,,,Linux-4.18.0-553.8.1.el8_10.x86_64-x86_64-with-glibc2.28,3.11.3,3.0.2,128,Intel(R) Xeon(R) Platinum 8462Y+,1,1 x NVIDIA H100 PCIe,-77.0859,38.9379,503.3857955932617,machine,N,1.0
